<?xml version="1.0" encoding="UTF-8" standalone="yes"?>
<projectConfiguration>
    <configVersion>2</configVersion>
    <robotExecEnvironment path="C:/Python3" interpreter="Python"/>
    <relativeTo>WORKSPACE</relativeTo>
    <referencedLibrary type="PYTHON" name="SeleniumLibrary" path="C:/Python3/Lib/site-packages/SeleniumLibrary/__init__.py" dynamic="false"/>
    <referencedLibrary type="PYTHON" name="DataDriver" path="C:/Python3/Lib/site-packages/DataDriver/__init__.py" dynamic="false"/>
    <pythonpath>
        <path location="C:\Python3\Lib\site-packages"/>
    </pythonpath>
    <classpath/>
    <excludedForValidation/>
    <isValidatedFileSizeCheckingEnabled>true</isValidatedFileSizeCheckingEnabled>
    <validatedFileMaxSize>1024</validatedFileMaxSize>
</projectConfiguration>
